Order ID,Order Date,Customer Name,State,City
B-936317,10/1/2024,Christopher Pacheco,Mississippi,Port Matthewhaven
B-435707,3/29/2021,Jeremiah Ross,New Hampshire,West Jessicafurt
B-435565,3/7/2023,Kenneth Hernandez,Kentucky,Cartertown
B-640125,12/25/2021,Joshua Skinner,Maine,Frankstad
B-808843,4/12/2020,Christopher Riley,Illinois,Dixonmouth
B-702789,2/10/2020,Kristina Young,South Dakota,Dominguezton
B-674637,5/5/2022,Paige Bell,Oklahoma,Fredfort
B-758075,9/7/2024,Shane Contreras,Virginia,Clarkshire
B-742499,7/10/2022,Christopher Rowland,Iowa,Taylorfurt
B-719460,11/28/2024,James Elliott,Colorado,New Stephanie
B-659806,8/13/2023,Victor Mclaughlin,Indiana,Williehaven
B-374696,3/4/2020,Susan Bailey,Missouri,Port Tiffany
B-329577,9/24/2023,Samantha Norris,Mississippi,New Mark
B-813651,4/1/2023,Gabriel Williamson,Ohio,West Chelseaside
B-727820,1/15/2020,Benjamin Holmes PhD,South Dakota,New Cristina
B-131376,8/20/2023,Jason Snyder,Missouri,Claudiaton
B-232075,11/6/2022,Suzanne Robinson PhD,Mississippi,New Angelahaven
B-858589,3/6/2023,Erika Wright,North Dakota,Chelseatown
B-628317,3/31/2020,Eric Brown,California,North Laurie
B-368623,12/8/2020,Scott Gray,Indiana,Smithberg
B-198575,6/15/2022,Timothy Foster,New York,North Juan
B-581414,12/12/2023,Carolyn Smith,Michigan,Lake Jamesberg
B-697388,10/2/2021,Michele Warner,Wisconsin,Jonesstad
B-269158,1/3/2021,Kristin Rodriguez,California,Jordanstad
B-557229,11/7/2021,Kyle Martinez,Pennsylvania,Tannermouth
B-590692,11/3/2024,Donald Smith,Hawaii,Port Adamhaven
B-377189,8/25/2024,Tiffany Wilson,Maryland,Michealside
B-214991,3/18/2023,Brandi Ramirez,Delaware,New Beverly
B-410332,4/24/2020,Mary Reynolds,Kentucky,Ortizburgh
B-557157,1/8/2022,Mr. Matthew Barnes,Hawaii,Lake Samantha
B-363380,10/20/2020,Tammy Jefferson,Wyoming,Rachelshire
B-303628,7/22/2024,Dennis Taylor,Arkansas,Romerotown
B-683354,8/17/2020,Sean Miranda,Virginia,Butlermouth
B-281798,2/11/2022,Anna Crawford,Oklahoma,Samanthashire
B-687427,11/1/2024,Deborah Mcgee,Kentucky,New Catherineland
B-704270,7/10/2021,Kimberly Daniel,New Hampshire,Stevenburgh
B-696366,8/18/2024,Ryan Gomez,Rhode Island,West Danielle
B-885188,11/28/2020,Jared Perez,Oklahoma,West Alexandraberg
B-652643,9/2/2023,Deanna Edwards,Illinois,Schroedermouth
B-655761,1/7/2021,Susan Wallace,Pennsylvania,Moniqueberg
B-531826,3/28/2021,Andrew Lewis,New York,Port Natasha
B-624703,9/30/2024,David Rivera,Wyoming,Port Josephton
B-160188,4/28/2023,Austin Vasquez,New Jersey,East Calvin
B-442723,12/27/2024,Paula Ballard,Arizona,West Dennisport
B-927205,2/6/2021,Wayne Cooley DVM,Rhode Island,Tonyafort
B-232830,9/18/2020,Jacob Rios MD,Arkansas,Moralesside
B-381136,12/30/2022,Karen Smith,Rhode Island,West Brianton
B-242535,7/31/2022,Christopher Ware,Wisconsin,Christinatown
B-966611,12/29/2024,Grant Yates,Oregon,Port Michaelview
B-936607,3/23/2021,Mitchell Wilson,Arkansas,Bakershire
B-549176,11/23/2023,Mark Anderson,Maine,Santoschester
B-398972,6/9/2022,Carla Avery,Nebraska,Medinaside
B-485342,4/27/2020,Steven Johnson,Kansas,Davidberg
B-599810,8/20/2024,Calvin Norton,North Carolina,Tracyport
B-148140,11/5/2020,Benjamin Fletcher,California,Jeremyport
B-909347,1/14/2020,Grant Martinez,Texas,Stephanieland
B-257993,8/20/2023,Bethany Newman,Kansas,South Michael
B-788035,3/30/2024,Diana Harris,Florida,South Jennifertown
B-507089,7/8/2021,Sarah Weber,New Hampshire,Daisyborough
B-264158,11/27/2020,Tamara Evans,Hawaii,Micheleborough
B-220913,4/13/2022,Mr. Cory Wilson,Utah,Martinhaven
B-347240,3/10/2021,Amy Jordan,Massachusetts,North Brianberg
B-567533,9/28/2022,Jeremy Cobb,Oklahoma,South Derek
B-953502,8/2/2021,Rodney Lewis,California,Charlesview
B-786507,3/19/2023,Aaron Williamson,Indiana,Rodriguezport
B-717264,8/21/2020,Brandon Alvarez,Illinois,Ritabury
B-417855,6/2/2023,Stacey Rasmussen,New Mexico,Port Henrymouth
B-353870,10/1/2022,Tina Lewis,Nebraska,Claudiaview
B-582498,11/13/2022,Kenneth Silva,Indiana,Lake Angela
B-664494,1/31/2024,Steve Reyes,Kentucky,Jonathanberg
B-320762,6/23/2024,Robert Kim,Georgia,Charlesberg
B-917254,6/8/2024,Preston Macias,Oregon,Tanyaview
B-974922,6/7/2021,Pamela Beck,Alaska,Andreaton
B-477314,3/3/2023,Elizabeth Marquez,Connecticut,New Emmafort
B-352980,3/28/2021,Jacob Thomas,Alaska,Evansshire
B-431405,3/31/2023,Cassandra Moore,West Virginia,North Tracitown
B-699383,2/29/2024,Katherine Smith,North Dakota,South Teresa
B-951829,2/3/2020,Laurie Valentine,Wisconsin,Gordonland
B-235687,10/1/2024,Brittany Terry DVM,Hawaii,West Kathleenborough
B-587321,5/23/2023,Michelle Tran,Kansas,Port Michael
B-431601,5/7/2020,Matthew Reyes,Maryland,Hilltown
B-510443,7/9/2022,Kayla Pearson,Wyoming,Stephanieside
B-387825,5/16/2022,David Farrell,Illinois,Cindyburgh
B-548023,12/19/2023,Alexandra Dickerson,Arkansas,Cainmouth
B-395774,6/11/2024,Jack Mayer,Wisconsin,Thomasshire
B-492699,2/4/2020,Bobby Raymond,Pennsylvania,West Justin
B-844717,1/27/2022,Carrie May,Indiana,Amandaville
B-772723,12/31/2021,Michael Lyons,Vermont,South David
B-619267,11/3/2021,Ryan Miller,Louisiana,Contrerasborough
B-558725,5/13/2020,Courtney Newman,Utah,Schmidtborough
B-548232,6/23/2024,Karen Rodriguez,Wyoming,Lake Anthonyshire
B-516331,12/8/2023,Laura Pierce,Utah,Lake Dylanfort
B-687971,6/26/2024,Kelly Thomas,California,Lake Deborahmouth
B-231344,6/17/2023,Mrs. Melissa Davis,Mississippi,South Elizabeth
B-109257,7/7/2022,Karen Garrett,Wyoming,Port Danaville
B-991757,10/24/2021,Sean Padilla,Oklahoma,Alexanderhaven
B-182073,4/19/2023,Oscar Elliott,Michigan,Adambury
B-130966,8/1/2022,Jennifer Jackson,Maryland,Joneston
B-467912,7/12/2022,Teresa Williams,Missouri,Margaretshire
B-817836,12/7/2023,Lisa Hicks,Kentucky,Robinport
B-666905,7/20/2021,Jeffrey Morris,Oklahoma,East Benjamin
B-276571,9/1/2020,Nicholas Johnson,Connecticut,New Brenda
B-897724,6/1/2022,Roger Jackson,North Carolina,North Heather
B-387008,3/9/2021,Tina Saunders,South Dakota,Ronaldmouth
B-815713,8/11/2020,Ivan Roth,Colorado,Butlerchester
B-403171,11/30/2023,Tiffany Jackson,Pennsylvania,Martinezville
B-616004,9/29/2021,Lindsay Moore,Nevada,Doyleport
B-552863,11/1/2020,Samantha French,Nevada,Bushmouth
B-525430,5/21/2023,Stephanie Vasquez,Tennessee,Lake Jerome
B-999772,6/24/2023,James Riley,New Hampshire,Cynthiahaven
B-863846,8/1/2024,Robert Smith,Maryland,New Michael
B-390639,11/8/2021,Brooke Williams,Delaware,South Patriciaton
B-850633,11/23/2020,Michael James,Oklahoma,Gabriellamouth
B-933753,3/5/2023,Rebecca Anderson,Kentucky,Wrightmouth
B-233245,7/17/2020,Christopher Murphy,Virginia,Lake John
B-623792,11/27/2023,Joshua Rollins,Washington,Annachester
B-849233,2/25/2020,Madison Cruz,West Virginia,Davidborough
B-308840,3/20/2023,Andrew Romero,New Hampshire,Davismouth
B-772407,1/24/2023,Michael Brown,New Mexico,East Ann
B-986648,4/23/2023,Theresa Hall,Virginia,Michelleview
B-729609,7/30/2021,Travis Nelson,Vermont,Lake Anthony
B-506384,5/12/2020,Alyssa Gray,South Carolina,New Alicia
B-534132,3/24/2021,Andrea Henderson,North Carolina,Clarencemouth
B-604636,4/2/2021,Eric Willis,Delaware,Lake Joanport
B-495562,6/10/2020,Anthony Hawkins,Vermont,Rachelside
B-514539,9/30/2023,Katherine Campbell,New Hampshire,Kelseychester
B-413212,2/12/2022,Brianna Gray,Alabama,East Michellemouth
B-144364,11/12/2023,Tara Sanford,Maryland,West Suzanneton
B-432911,11/29/2021,Patricia Jones,Iowa,East Jasonmouth
B-524383,11/7/2022,Mr. Joshua Quinn,North Dakota,Carrilloville
B-518978,6/22/2021,Matthew Delacruz,Hawaii,Nicolasstad
B-207397,10/29/2024,Billy Gregory,Montana,North Cherylton
B-938435,11/19/2023,Michael Barnes,Florida,Martinview
B-918176,2/25/2022,Ricky Williams,Oklahoma,Bowmantown
B-158967,7/30/2023,Penny Fields,Hawaii,Adamborough
B-502742,8/31/2022,Tiffany Burton,Nevada,Nguyenton
B-406242,5/11/2023,Ann Smith,West Virginia,Debbiemouth
B-183719,10/17/2020,Keith Ward,Pennsylvania,Elizabethport
B-483027,9/3/2023,Barbara Thomas,Oklahoma,North Bettyshire
B-169593,2/16/2023,Michael Peterson,Wyoming,West Crystal
B-798038,12/24/2023,Barry Williamson,Massachusetts,Randolphmouth
B-517299,5/3/2021,Shelby Cook,Vermont,Cooktown
B-383443,9/24/2022,Robert Mayer MD,Louisiana,Port Laurashire
B-252573,4/17/2024,Jesse Henson,North Dakota,North Michael
B-252318,4/14/2024,Hannah Johnson,Alabama,North Davidport
B-196396,4/27/2023,Tina Hutchinson,Arkansas,West Victoriamouth
B-559941,10/9/2023,Karina Bishop,Maine,Port Jeffrey
B-115194,12/12/2023,Timothy Patterson,Mississippi,Lake Danielleside
B-660021,9/9/2022,Lauren Cooke,Montana,East Angela
B-877271,7/11/2024,Jacqueline Cameron,California,East Ricardostad
B-809009,2/18/2024,Jeffrey Edwards,North Carolina,Brownview
B-938295,12/8/2024,Ronald White,Alaska,Port Scott
B-319113,3/19/2023,Madison Meza,Maryland,New Jamiehaven
B-411420,6/29/2021,Brianna Mays,Connecticut,Tracybury
B-676310,7/21/2021,Joshua Johnson,Indiana,South John
B-821269,12/19/2022,Judy Mckinney,Maine,North Rickview
B-778903,1/5/2020,Christy Anderson,Virginia,Lambside
B-189433,4/27/2024,Kevin Reese,South Carolina,East Wesley
B-634883,11/2/2024,Lynn Bell,Alaska,Port Tylerbury
B-188724,4/13/2021,Charles Hardin,New Hampshire,Johnbury
B-590330,6/8/2022,Ashley Smith,Ohio,Jenniferberg
B-922241,2/26/2023,Amy Benton,West Virginia,Jenniferfurt
B-409722,5/27/2022,Amy Olson,Georgia,Brendaside
B-919448,7/22/2020,Dr. Judith Herrera,Missouri,Angelaport
B-527263,10/6/2023,Ashley Rose,Wisconsin,Lake Charles
B-766192,9/12/2022,Richard Montgomery,North Dakota,New Angelaland
B-712952,2/24/2021,Edward Franco,Maryland,Martinville
B-596586,9/10/2021,Brandon Jackson,Oregon,Crosston
B-786565,1/7/2022,Kristen Castro,Delaware,North Seanport
B-171906,9/15/2020,Margaret Martin,Iowa,Hubbardfort
B-419304,4/4/2023,Cynthia Stewart,Mississippi,North Caroline
B-137570,6/11/2024,Raven Bradley,Arkansas,West Evelyn
B-940322,6/26/2020,Sandra Young,Tennessee,West Lindsayhaven
B-577569,12/21/2020,Michael Blake,Mississippi,Jeanchester
B-562319,11/9/2020,Robert Smith MD,Hawaii,Roblesshire
B-269178,2/8/2022,Veronica Martin,Utah,East Christopher
B-840376,12/29/2023,Sarah Henry,Massachusetts,West Lawrence
B-480684,12/31/2022,Rebecca Smith,Arizona,Huffburgh
B-436199,5/24/2023,Patricia Gonzalez,Rhode Island,Port Donna
B-390398,2/23/2020,Jacob Collins,New Hampshire,Jameshaven
B-574682,10/11/2024,Mark Berry,Pennsylvania,New Susanmouth
B-548379,10/20/2020,Antonio Garcia,Iowa,North Sydneyton
B-366716,9/18/2024,Anna White,Oklahoma,Miguelberg
B-583514,9/2/2024,Jacob Stephens,New Hampshire,Edwardport
B-528629,1/10/2021,Elizabeth Adams,Alaska,Santosport
B-597168,6/24/2020,Dennis Gardner,Pennsylvania,Kevinstad
B-879408,1/15/2022,Adam Ward,Tennessee,New Shawn
B-533101,7/7/2021,Rebecca Mitchell,Maryland,Olsonmouth
B-786395,12/25/2023,Rachel Spears,Missouri,Combsstad
B-718516,4/14/2022,Zachary Thornton,New Mexico,West Frankbury
B-661016,11/25/2024,Juan Cantu,Arkansas,New Amyfort
B-316313,8/10/2020,Keith Roy,Nevada,East Jennifer
B-869962,12/27/2021,Natasha Franklin,Michigan,New Christina
B-249772,11/23/2024,Melinda Bell,Louisiana,Robertshire
B-684659,9/24/2023,John Lee,Vermont,Phillipstad
B-311464,5/25/2023,Joseph Nguyen,Arkansas,Barnesport
B-976677,7/17/2021,Elizabeth Huang,Colorado,East Samantha
B-549291,9/17/2021,Colleen Payne,Illinois,New Jacobfort
B-556111,11/1/2021,Geoffrey Pierce,Arkansas,New Tiffany
B-178338,3/8/2020,Cameron Fox,Maine,New Jenna
B-129586,7/31/2021,Jeanette Clay,Illinois,Fostershire
B-475359,11/29/2023,Brandon Collins,Maine,Mirandaland
B-604607,3/1/2021,William Mason,New York,East Tracy
B-528031,10/30/2020,William Dawson,Idaho,Smithhaven
B-757626,3/17/2020,Robert Clark,North Carolina,West Summer
B-499789,9/28/2021,Connor Russell,Oklahoma,North Ashleyfurt
B-201269,12/7/2020,Sonya Baird,Connecticut,Michaelport
B-488161,12/15/2020,Zachary Clay,Tennessee,Lake Matthew
B-169132,9/24/2024,Heather Gregory,Kentucky,Michellemouth
B-232162,2/24/2024,Robert Palmer,Minnesota,Mikehaven
B-599940,3/22/2020,Samantha Miller,Iowa,Port Sherry
B-839722,5/22/2022,Jacob Smith,North Carolina,New Michaelbury
B-543467,9/9/2020,Andrea Mccarthy,New Mexico,Millertown
B-568160,11/3/2024,Mr. Christopher Wilson DVM,Indiana,Lake Howard
B-323424,11/4/2021,Daniel Davis,Utah,East Dawn
B-611519,2/26/2024,Rebecca Brandt,New Hampshire,Nguyenbury
B-811204,4/15/2023,Robert Murphy,Utah,Jamesmouth
B-346792,3/19/2021,Emily Perkins,Georgia,New Anashire
B-846018,6/7/2021,Christian Beltran,Montana,Vasquezport
B-612840,8/3/2021,Thomas Taylor,Wyoming,New Rodney
B-431455,1/13/2023,Danielle Elliott,Washington,Chaseland
B-818707,7/28/2021,John Burke,Maine,Lake Annette
B-558541,10/3/2021,Tyler Norris,Mississippi,East David
B-908178,4/6/2021,Tracy Lewis,Delaware,Kathrynchester
B-242708,9/17/2024,Melinda Bailey,Alabama,West Thomaston
B-326172,5/10/2023,Heather Nguyen,South Dakota,Anthonystad
B-947766,11/23/2021,Angel Ward,Tennessee,Lefurt
B-888270,1/5/2022,Jeremy Yates,Utah,Mooreside
B-876404,7/30/2024,Travis Bates,Pennsylvania,Jamesmouth
B-975097,6/22/2023,Stephanie Carter,Virginia,Port Nathanielchester
B-872840,2/14/2023,Joseph Willis,Alabama,Sloanside
B-895018,9/18/2023,Stephen Reynolds,Virginia,Lake Kelsey
B-426024,1/13/2021,Michael Barker,Michigan,South Lisaview
B-444807,10/10/2024,Catherine Bowers,Florida,Lopezmouth
B-748148,10/30/2021,Jacob Hall,Kentucky,South Shariport
B-345092,7/26/2022,Samuel Jackson,West Virginia,Danielleburgh
B-839830,6/18/2024,Jason Garcia,Utah,Curtisport
B-765156,3/27/2020,Ms. Kathleen Yang,Delaware,South Josephview
B-368846,3/28/2021,Jessica Gomez,Ohio,Michaelview
B-148325,3/8/2021,Melinda Macias PhD,Wyoming,Port Adamhaven
B-724691,1/4/2022,Miss Regina Jackson,Indiana,Parkerchester
B-930571,3/25/2020,Sarah Burns,Massachusetts,South Danielleburgh
B-103907,3/25/2022,Nicole Hernandez,Arkansas,Johnsonmouth
B-652199,11/22/2021,Darlene Malone,Utah,Bensonhaven
B-175001,1/18/2021,Martha Solis,Arizona,West Cody
B-936557,3/22/2022,Amber Larson,Tennessee,New Arthur
B-571926,10/7/2024,Natasha Hernandez,Mississippi,Jonesbury
B-771221,3/27/2022,Megan Munoz,New York,Port Elizabethville
B-738963,3/12/2024,Melissa Jones,Alabama,North Laurie
B-877343,4/25/2023,Richard Roberts,New York,Craigland
B-384148,8/18/2020,Kristina Gomez,Washington,Kimberlyburgh
B-958411,4/13/2022,Brendan Snyder,Oklahoma,Kathrynburgh
B-756601,12/2/2020,Michael Herrera,Missouri,East Brianfort
B-231151,4/15/2023,Laurie Myers,Hawaii,Lake Hannahfort
B-967260,11/30/2024,Nicholas Simmons,Idaho,Lake Jameston
B-801084,11/7/2020,Tony Cobb,Nevada,Marialand
B-896446,11/14/2023,Bryan Bush,Delaware,New Donna
B-823440,9/4/2022,Dawn Carroll,Kentucky,East Cynthiamouth
B-865949,12/8/2020,Christopher Barnett,Wyoming,South Michael
B-465594,12/17/2023,Randall Stone,Minnesota,South Tinaport
B-401399,5/9/2022,Shawn Martin,Alabama,North Rhonda
B-930943,6/10/2020,Cameron Boyd,Arkansas,Port Robert
B-337469,12/15/2021,Samuel Velazquez,Washington,Joshuaport
B-653627,1/6/2020,Mr. Joshua Gomez,North Carolina,Christineburgh
B-141455,12/28/2020,Jason Morales,Colorado,Lake Maryport
B-449720,8/27/2024,Christina Smith,New York,Kathytown
B-260473,7/19/2020,Derrick Moreno,Massachusetts,Dodsonport
B-617144,4/22/2021,Pamela Olsen,Oregon,Lake Kenneth
B-398865,3/28/2022,Glenda Jackson,Washington,East Amyport
B-795286,12/1/2022,Scott Garza,South Carolina,Zacharyport
B-885171,4/28/2023,Chase Meyer,Michigan,South Christineton
B-564739,1/16/2020,Brian Small,Kansas,West Danamouth
B-713014,6/5/2024,Chelsea Mason,Florida,Lake Michael
B-316021,4/16/2021,Allen Contreras,Arizona,Port Stephanieview
B-539028,11/20/2022,William Ferguson,Kentucky,West Stephaniestad
B-731988,8/3/2024,Curtis White,Oklahoma,New Christopher
B-417609,4/22/2020,Cynthia George,South Dakota,Reesechester
B-963993,2/5/2020,Karen Hernandez,Oklahoma,Angelahaven
B-804909,10/12/2024,Michael Perez,Washington,Jeremiahton
B-622145,10/24/2020,Austin Cruz,Vermont,Davisside
B-309342,4/22/2020,Tina Lozano,North Carolina,North Jessicaberg
B-626926,1/9/2021,Nathan Ruiz,Ohio,Lake Michaelville
B-390493,6/14/2022,Rebecca Brown,Washington,Daniellefort
B-577336,9/10/2021,Douglas Ball,Nevada,Lake Katiebury
B-842054,8/28/2020,Margaret Brown,Maine,Brettview
B-738003,10/12/2021,Antonio Kirby,Oklahoma,East Andreachester
B-781484,6/1/2024,Luke Lopez,Rhode Island,South Brentfort
B-417348,6/17/2024,Michael Barry,Oregon,Markberg
B-138834,8/4/2023,Emily Cunningham,Washington,North Austin
B-440899,4/8/2021,Gerald Davis,Montana,Simmonsborough
B-859161,2/8/2021,Casey Smith,South Carolina,Riveratown
B-735008,9/24/2023,Joy Mills,New York,Lake Jackie
B-630042,4/8/2022,Chad Vazquez,Indiana,Susanburgh
B-630827,5/23/2023,Alex Boyd,Wyoming,North Devin
B-228828,10/2/2023,Sandra Webster,South Carolina,Nicoleside
B-422484,2/10/2021,Kelsey Chandler,Oregon,Williamsside
B-364998,9/6/2024,Johnny Contreras,Idaho,South Derek
B-976615,6/20/2024,Kenneth Donovan,California,East Davidfurt
B-624827,7/7/2024,Patricia Herring,California,New Jessicatown
B-686417,11/9/2022,Suzanne Obrien,Missouri,Anthonymouth
B-269665,8/10/2020,Paula Carr,Vermont,Andradeberg
B-345527,11/23/2021,Robert Martinez,Rhode Island,South Rachel
B-391569,10/4/2020,Andrea Bates,Idaho,Patriciastad
B-674993,12/31/2023,Jeffrey Greer,Pennsylvania,Lake Allisonburgh
B-510037,1/22/2020,Joshua Price,South Dakota,Lake Amberbury
B-798821,5/18/2021,Karen Hardy,Tennessee,Lopeztown
B-166766,3/20/2020,Jamie Lopez,Indiana,West Robertmouth
B-599155,1/17/2023,Michelle Mcmillan,Texas,New Brandon
B-691717,7/9/2020,Mark Hampton,New York,Rachelfurt
B-160725,5/10/2020,Kevin Francis,Nebraska,Stephaniebury
B-219678,12/23/2024,Kellie Jones,Montana,Maddoxbury
B-298166,1/18/2024,Susan Huang,Pennsylvania,Williamsside
B-273426,12/18/2023,Lori Page,Colorado,Port Brittany
B-806511,4/26/2020,Kimberly Rhodes,Louisiana,Lake Raymondton
B-586489,4/4/2021,Leonard Woods,New Mexico,Brownville
B-918612,10/3/2021,Michelle Myers,Minnesota,North Eric
B-516866,11/29/2020,Brian Winters,Colorado,Lindsayside
B-442139,3/2/2023,Miranda Moore,Nevada,West Troyside
B-415076,1/23/2024,Charles Alvarado,Virginia,West Thomasborough
B-295092,3/18/2020,Jessica Jones,Rhode Island,Thompsonland
B-784771,8/29/2024,Anthony Soto,Wyoming,West Caitlin
B-880846,4/20/2024,Richard Schultz,Arizona,Thomasfort
B-156702,5/31/2021,Kenneth Wilson,Rhode Island,Miguelchester
B-458462,5/4/2022,Brandon Hernandez,Hawaii,New Aliciaborough
B-226265,1/1/2020,Richard Walker,Oregon,North Alejandra
B-663106,2/22/2021,Emily Beasley,Alabama,West Shawnmouth
B-490849,8/28/2022,Michael Melton DDS,West Virginia,North Tracy
B-258303,1/31/2020,Andrew Martinez,Alaska,Port Jack
B-386252,11/12/2024,Thomas Smith,Texas,North Michael
B-457381,12/16/2023,Maria Mayo,South Carolina,Lake Jennifer
B-702846,10/22/2020,Danielle Williams,North Carolina,Andersenberg
B-988891,5/8/2021,Samantha Mason,Utah,South Markmouth
B-970074,2/17/2023,Benjamin Lyons,Tennessee,Jamesport
B-430211,9/11/2020,Pamela Rodriguez,Kansas,Michelletown
B-193732,9/10/2021,Angela Pratt,Hawaii,Sharpchester
B-974374,2/14/2020,Chelsea Nicholson,Nebraska,Port Mark
B-237904,8/4/2021,Eugene Hughes,New York,Lake Luis
B-555873,9/19/2024,Robert Nguyen,Iowa,Lake Nichole
B-829993,5/29/2021,Carol Ward,South Dakota,Lake Oscar
B-631354,6/26/2020,Catherine White,Mississippi,Timothyville
B-247469,10/4/2020,Michael Robinson,Nevada,Hollyville
B-646976,4/2/2021,Diana Phillips,Maine,Lynnton
B-674374,6/30/2021,Kristy Wells,Louisiana,Lake Jon
B-590815,1/9/2024,Shane Wilson,Missouri,New Danielland
B-887536,11/18/2020,Jacqueline Wallace,South Carolina,Lake Katherine
B-911672,2/24/2020,Philip Baker,Illinois,Riverachester
B-683810,6/30/2023,Theresa Thompson,Florida,Webertown
B-609725,12/2/2023,Brittany Weber,Kentucky,Stevemouth
B-998321,3/28/2023,Kaitlyn Hall,West Virginia,Smithtown
B-335748,3/11/2022,Lauren Phelps,Colorado,Stephensfurt
B-460881,8/2/2022,Scott Hicks,Oklahoma,East Christopher
B-409277,12/23/2021,Thomas Ramirez,Pennsylvania,Amandafurt
B-243987,1/30/2021,Casey Hamilton,Alaska,Markchester
B-364694,3/15/2023,Chloe Miller,Montana,New Angela
B-842989,5/7/2024,Vincent Romero,Florida,Port Nicholasmouth
B-219872,4/16/2020,George Charles,Alabama,West Rebeccachester
B-252370,8/26/2022,Matthew Evans,Texas,Rodriguezbury
B-476782,7/16/2024,Jessica Howell,Utah,Mathisshire
B-121802,2/22/2020,Erin Davis,Michigan,Silvaville
B-108076,1/29/2024,Richard Sellers,Nevada,Matthewberg
B-783235,12/14/2020,Michael Mckenzie,New Mexico,North Veronica
B-466158,7/29/2022,Daniel Beard,Nevada,Barberfort
B-412896,5/30/2021,Terri Trujillo,Maine,Brownburgh
B-102111,8/2/2021,Ashley Smith,Hawaii,Courtneyside
B-506654,5/9/2024,Joseph Taylor,Georgia,Clayhaven
B-127679,10/20/2023,Richard Barr,New Jersey,Lisaview
B-788871,5/21/2020,Kimberly Arnold,Florida,Lake Karen
B-208032,2/11/2020,Anthony Smith,Idaho,Holmesfort
B-735902,6/4/2021,Krista Phelps,Arizona,Edwardshaven
B-756851,3/23/2020,Patrick Hardin,South Carolina,Dicksonmouth
B-346421,10/20/2021,Christopher Alvarez,New Hampshire,Jonesstad
B-874878,1/29/2020,Ana Ayala,New Jersey,Port Micheleburgh
B-540821,1/6/2022,Shawn White,Kentucky,Robertburgh
B-639844,8/8/2021,Michael Robinson,Pennsylvania,Port Allen
B-834515,5/14/2022,Matthew Smith,Florida,Bryantmouth
B-683398,3/29/2022,Patrick Rios,Georgia,Sherriview
B-189794,6/9/2023,Jessica Bailey,Ohio,Dawnchester
B-344040,3/12/2023,Gregory Kent,New York,Port Jenniferchester
B-722066,5/6/2022,Andrew Garza,Maine,Briannaport
B-292054,9/27/2023,Troy Myers,New Mexico,South Joshua
B-893803,3/31/2022,Charles Lara,Arizona,New Michaelside
B-738544,3/10/2020,Barbara Levine,Kentucky,Elizabethside
B-421030,10/8/2021,Jennifer Blackwell,South Carolina,Jonathanville
B-469328,12/18/2021,Teresa Pierce,Alaska,Port Nicholastown
B-561106,3/22/2024,Kristine Carpenter,Alabama,Jeffreyberg
B-938788,9/12/2020,David Arnold,Kansas,Philipberg
B-956250,5/13/2020,Robert Stewart,New Hampshire,Hallfurt
B-505678,11/7/2020,Dana Ross,Indiana,Rickyville
B-156921,8/15/2021,Chad Whitehead,Michigan,Melvinchester
B-274902,8/17/2020,Stacey Gutierrez,New York,Wrightmouth
B-494418,3/15/2022,Janet Herrera,Maine,Lake Anthonyberg
B-760516,11/5/2020,Alisha Coleman,Oklahoma,West Scott
B-201697,7/16/2020,Julie West,Ohio,Gomezside
B-275899,7/28/2024,Tina Aguilar,Missouri,Port Stacy
B-120166,4/10/2021,Kyle Harris,Missouri,Jessetown
B-145828,1/4/2022,Sarah Kerr,Oregon,Mccormickstad
B-279104,10/18/2020,Katherine Holt,Kansas,New Jason
B-675850,4/27/2024,Darren Young,Oregon,North Holly
B-152519,2/9/2021,Andrew Smith,Wisconsin,North Abigail
B-426737,12/18/2021,Denise Davis,Louisiana,Acostaside
B-108014,12/8/2024,Andrea Diaz,Missouri,South Codyside
B-555330,5/10/2021,Eric Miles,Nebraska,North Meghan
B-397771,12/7/2022,Paul Sanchez,Massachusetts,Port Michael
B-924446,5/25/2022,Justin Alvarado,Missouri,Lake Walterhaven
B-950217,11/15/2021,Alexandria Morgan,New York,South Lisaview
B-343865,11/18/2021,Martin Davis,Wisconsin,Port Jaredborough
B-242709,6/18/2023,Peter King,Kansas,South Christopherside
B-611975,5/24/2020,Rachel Wilcox,Delaware,North Leslie
B-362621,2/3/2020,Mark Hale,North Dakota,Thompsonfurt
B-516354,10/6/2023,Alex Parker,Ohio,New Cynthia
B-428069,7/10/2021,Vincent Lopez,Nevada,Youngbury
B-737648,3/17/2024,Janet Brown,Rhode Island,South Scottfort
B-380905,2/6/2022,Alyssa Foster,Iowa,Lake Williamstad
B-290263,7/15/2022,Patricia Griffith,Tennessee,Port Crystal
B-236010,10/18/2020,Jimmy Villegas,New Jersey,Kennethside
B-625525,5/29/2021,Cory Patterson,Ohio,Brownport
B-495314,5/30/2023,Nicole Christensen,Nebraska,West Grant
B-461199,7/6/2020,Chloe Mccarty,Oklahoma,South Brittanychester
B-837455,3/18/2021,Mrs. Martha Calhoun,Alaska,North Michaelmouth
B-276920,1/25/2024,Emily Ramirez,New Jersey,East Valerie
B-810706,9/17/2023,Dale Martinez MD,Florida,Amyberg
B-956087,4/21/2022,Karen Mathews,Ohio,South Michaelshire
B-174584,5/25/2024,Mark Coleman,Wisconsin,West Benjamin
B-598896,11/13/2022,Jo Merritt,Georgia,Lake Jamesmouth
B-543590,2/27/2022,Whitney Fitzgerald,Texas,New Josehaven
B-793802,2/27/2023,Christina Smith,Texas,South Amyville
B-275166,11/12/2021,James Gordon DDS,Idaho,New Wayne
B-236713,8/14/2024,Christopher Woodward,New Hampshire,Natalieside
B-742717,10/6/2024,Zachary Blanchard,Delaware,South David
B-459380,3/6/2021,Angela Bolton,Arizona,Port Donald
B-752998,10/8/2024,Michelle Gill,Vermont,South Adam
B-959528,1/9/2021,Barbara Johnson DDS,Florida,Ramirezmouth
B-717887,6/14/2022,Daniel Lewis,South Dakota,Duncanborough
B-457705,12/2/2020,Christopher Simmons,Louisiana,North Sara
B-685261,5/1/2022,Ernest Alvarez,Iowa,Aaronfort
B-102012,5/3/2023,Brenda Johnson,Missouri,Vasquezshire
B-769904,10/10/2022,Mark Barry,Michigan,Brandonview
B-563268,12/29/2020,Brooke Myers,Nebraska,Port Lisatown
B-890399,11/7/2023,Tyler Booth,Louisiana,Cindymouth
B-522347,8/9/2020,Shawn Duarte,Rhode Island,Zacharyburgh
B-108267,10/14/2020,Melissa Acevedo,Tennessee,North Nancy
B-279526,9/30/2020,Brent Taylor,Vermont,East Sandra
B-531193,10/1/2022,Kayla Gray,North Carolina,Port Tyler
B-938418,9/29/2022,Mr. Brandon Mahoney,California,New Christopherberg
B-535717,8/3/2020,Heather Benton,Virginia,Burnettfort
B-907274,11/5/2024,Jonathan Williams,Michigan,Davidsonville
B-308735,12/25/2023,Ryan Wheeler,New Hampshire,Robinport
B-366088,12/1/2021,Emily Sanders,Pennsylvania,West Natalieville
B-926207,3/23/2020,Shawn Acevedo,Colorado,East Bettyfurt
B-526797,7/16/2021,Kristen Marshall,Pennsylvania,Dominguezmouth
B-706604,1/17/2023,Michael Eaton,Texas,Bobview
B-412281,3/19/2024,William Raymond,North Dakota,Carolynshire
B-216592,3/29/2023,Katherine Robles,Maine,North Jennifershire
B-706215,12/14/2023,Brian Cooper,Hawaii,Wilsonland
B-856893,12/5/2024,Donna Curry,North Carolina,Jonathanberg
B-278271,9/6/2020,Caitlin Bishop,Vermont,South Cynthiaberg
B-981622,8/11/2021,Rebecca Dawson,Colorado,West Sara
B-123286,9/25/2024,Susan Moore,North Dakota,Amandaburgh
B-225177,3/2/2020,Ashley Carr,Florida,North Maryfort
B-698178,8/21/2022,Vanessa Munoz,Rhode Island,North Alyssabury
B-249702,5/5/2020,Thomas Sandoval,Colorado,Matthewmouth
B-693897,8/19/2022,Dr. Travis Owens DDS,Rhode Island,Riveraburgh
B-517120,10/30/2021,Jeff Jones,Arizona,Port Jerry
B-592557,5/7/2024,Amy Harvey,Ohio,Martinville
B-829046,3/16/2020,Sarah Jacobs,Minnesota,Davidmouth
B-239424,4/1/2021,William Estrada,Alaska,Andreahaven
B-358070,9/9/2020,Scott Miller,Louisiana,North Michaelberg
B-673573,12/23/2024,Stephanie Smith,Texas,Juanstad
B-384571,3/29/2021,Jesus Castaneda,Michigan,North Gabrielside
B-218257,2/5/2021,Travis Myers,Delaware,Davisburgh
B-162786,10/15/2023,Jared Carter,New Mexico,Yeseniachester
B-562747,4/9/2021,Shane Boyle,Mississippi,Serranoview
B-456125,11/9/2022,Stephanie Harris,Nevada,South Nicole
B-462193,9/4/2021,Rebecca Carter,Maine,New Alanland
B-565300,11/15/2020,Rebecca Casey,Rhode Island,North Craig
B-808612,4/10/2020,Ronnie Mcguire,New Mexico,East Darlenebury
B-528395,3/3/2021,Chelsea Bradley,Louisiana,Ricardobury
B-647402,8/25/2021,Wanda George,Pennsylvania,New Kristin
B-215161,7/29/2021,Donald Harris,Wisconsin,Franklinburgh
B-590779,11/24/2023,Denise Foster,Iowa,Joshuaton
B-927508,11/13/2022,Samantha Jones,Ohio,West Christinaland
B-268517,9/3/2020,Matthew Williams,Alaska,New Dawnton
B-288814,4/1/2023,Curtis Mejia,Louisiana,Hardyfort
B-458013,8/14/2020,Cory Smith MD,Nebraska,West William
B-694395,4/24/2021,Danielle Grant,Arkansas,Port Joe
B-567267,9/16/2020,Jennifer Castro,Texas,Andrewland
B-340122,5/19/2021,Matthew Davis,South Dakota,North Gabriel
B-272160,7/4/2020,Joseph Turner,South Dakota,Lake Paige
B-496264,6/4/2024,Lauren Perkins,West Virginia,East Brandi
B-233419,2/7/2021,Darlene Burch,Mississippi,East Vanessastad
B-689717,5/12/2021,William Roman,Arkansas,East Peterchester
B-477434,3/24/2023,Courtney Anderson,Hawaii,West David
B-147563,6/6/2020,Abigail Stevenson,Ohio,Christineport
B-537291,8/4/2024,Troy Herman,Colorado,Lake Jessicaside
B-932879,11/5/2024,Mary White,Nebraska,Mcgeeburgh
B-219907,7/18/2021,Charles Jackson,New Hampshire,Brownmouth
B-435741,9/15/2022,David King,Minnesota,Breannachester
B-270036,7/29/2022,Robin Williams,Washington,South Ronald
B-252988,12/13/2021,Daniel Hernandez,Maryland,Lake Kimmouth
B-683816,8/19/2023,Charles Weaver,Rhode Island,Russellview
B-484643,4/29/2021,Sean Romero,South Dakota,Mossberg
B-896173,4/6/2024,Melissa Warner,Tennessee,Port Williamton
B-965025,2/11/2023,Gregory Skinner,Oklahoma,Delgadoshire
B-131389,3/10/2024,Natalie Hall,California,Cameronchester
B-755983,3/9/2022,Darren Roth,Massachusetts,Kiaraview
B-741237,2/24/2022,Matthew Johnston,Connecticut,Sweeneyfurt
B-858424,3/8/2023,Christopher Stewart,Nebraska,West Sharonfurt
B-387509,12/19/2022,Melanie Guerrero,Michigan,Hamiltonstad
B-495137,3/16/2020,Karla Dudley,New Jersey,Kaiserstad
B-301401,11/2/2023,Amanda Barber,Alabama,South Deannamouth
B-480354,7/12/2022,Angela Watson,Maryland,Lake Jasonview
B-349089,11/24/2024,Micheal White,Arizona,Walkerport
B-189623,8/22/2024,Patricia Ali,New Hampshire,Sotomouth
B-494967,9/26/2023,Rachel Nelson,New Hampshire,Kennethview
B-923598,11/6/2024,Melissa Harper,Oregon,Davidmouth
B-565141,1/4/2021,Terri Macias,Montana,Clarkeborough
B-816183,6/3/2020,Joshua Brown,Utah,Lake Todd
B-277018,9/6/2022,Zoe Carlson,Texas,Lake Robinport
B-657388,12/4/2022,Melissa Good,West Virginia,East Julie
B-223974,8/29/2020,Elijah Henderson,Texas,Andersonborough
B-167871,4/7/2021,Amanda Fernandez,Florida,South Juliestad
B-629699,11/24/2023,Madison Carey,California,New Jill
B-248504,4/13/2024,Carol Schmitt,Maryland,Rebeccaton
B-458278,3/15/2021,Erica Gomez,Rhode Island,Diazport
B-816086,9/14/2022,Scott Thomas,Nevada,West Jose
B-216460,12/24/2024,Michelle Moran,Rhode Island,Port Madeline
B-372780,3/3/2020,Samantha Roberts,Colorado,Taylorhaven
B-718431,3/10/2020,Tammy Horton,Hawaii,East Jordantown
B-429308,8/10/2022,Kenneth Schultz,Nebraska,Pacefort
B-625572,2/21/2024,Sean Rodriguez,Oregon,Scottland
B-702902,1/14/2024,Jennifer Golden,Wyoming,Hughesmouth
B-577112,8/2/2022,Patricia Lynch,Oregon,North Cynthiamouth
B-473769,5/10/2021,Paul Ray DDS,California,Stewartview
B-242252,3/20/2022,Marie Bishop,Washington,West Wyatt
B-781456,11/23/2020,John Cross,Hawaii,Wigginsside
B-881739,6/5/2024,Justin Marquez,Minnesota,Adamsshire
B-559219,11/12/2023,James Mason,Oklahoma,Greenside
B-992861,7/2/2023,April Thomas,Vermont,Rileyton
B-708282,5/22/2020,Richard Fields,Nebraska,Buchananfurt
B-880210,1/11/2024,Ryan Tanner,South Carolina,Lake Daniel
B-341502,4/4/2020,Jose Blankenship,West Virginia,East Tonystad
B-650005,2/11/2022,Melanie Munoz,Louisiana,West Kristen
B-837124,8/10/2021,Peter Sanchez,Maryland,Brianfurt
B-753047,12/18/2023,Timothy Berry,Colorado,Jeremiahhaven
B-164998,6/28/2023,Sue Pena,Massachusetts,West Amy
B-407339,8/13/2023,Jason Brown,Utah,Chasechester
B-349228,6/27/2022,Sandra Kelly,North Carolina,Lake Amberberg
B-486095,4/30/2023,James Evans,Montana,Brianaland
B-726935,6/27/2023,Diane Huff,New Hampshire,New Craigton
B-654742,8/30/2023,Michael Doyle,Connecticut,Alexandermouth
B-127351,5/18/2020,Linda Downs DDS,New Mexico,Loriberg
B-153947,4/7/2022,Kevin Burnett,North Carolina,New Rebecca
B-856766,9/18/2021,Sherri Fletcher,Connecticut,Janetmouth
B-530170,9/28/2023,Brenda Hall,Wisconsin,Michaeltown
B-213601,5/28/2024,Kathleen Clayton,Wisconsin,Johnsonshire
B-392897,8/9/2020,Melanie Kaiser,New Jersey,Bullockhaven
B-877819,7/24/2022,Bryan Harris,Pennsylvania,Baileyport
B-143361,2/7/2023,Lisa Garcia,Connecticut,New Jennifer
B-952539,2/19/2024,George Cobb,Texas,South Shelleyfurt
B-474616,6/6/2020,Aaron May,California,Conradmouth
B-893265,12/26/2022,Dawn Burke,Pennsylvania,Jonesland
B-626463,11/25/2024,Darren Parks II,Wyoming,East Ana
B-833717,6/23/2024,John Li,Texas,Rogersville
B-561619,12/20/2020,Gregory Roberts,Maine,Greentown
B-748115,2/5/2022,Gloria Wells,Kentucky,New Jessicaport
B-760604,1/3/2021,Michael Jones,Kentucky,Jessicashire
B-900578,3/23/2020,Tiffany King,South Dakota,East Amanda
B-432189,12/4/2022,Sarah Michael,Minnesota,Howardstad
B-557235,5/2/2021,Danielle Poole,Vermont,Jordanville
B-577555,2/22/2022,Jonathan Butler,Wyoming,Lindseyshire
B-244488,8/17/2020,Christopher Owens,Arizona,Michaelberg
B-448208,1/22/2020,Lauren Morrow,New Mexico,North Joseph
B-750754,3/8/2021,John Gutierrez,Georgia,Andresbury
B-643601,9/27/2022,Scott Guzman,Vermont,Jonesside
B-360291,1/7/2023,Anthony Price,Alaska,West Jennyfort
B-754654,1/21/2020,John Weber,Arkansas,East Robert
B-236471,2/22/2021,Bruce Gonzalez,Massachusetts,New Jacob
B-956202,8/18/2022,Jacqueline Park,Missouri,North Edwinchester
B-801805,11/29/2021,Teresa Garrison,Florida,East Mariabury
B-474081,12/26/2021,Marissa Wright,Alabama,Bridgetville
B-250281,6/18/2022,Eric Cohen,Idaho,East Meganhaven
B-322779,4/19/2022,Christopher Figueroa,Utah,North Amandaside
B-907712,5/19/2022,Michael Martin,Colorado,Robertfort
B-681230,6/10/2020,Michelle Jones,Maine,Woodland
B-219050,1/2/2021,Heather Dillon,Oklahoma,Wolfchester
B-156455,7/22/2023,Shelby Garcia,South Dakota,Benjaminshire
B-616665,5/15/2024,Nicole Gill,North Carolina,Stewartbury
B-827866,11/5/2021,Brenda Rogers,Arkansas,New Deborahborough
B-538307,9/5/2021,Joshua Jones PhD,Alaska,Riceville
B-205040,4/2/2021,Brandon Duncan,Missouri,Brownville
B-742958,7/20/2024,Mr. Eddie Jackson,Arizona,Powellport
B-276037,12/18/2024,Katherine Lee,Illinois,West Leechester
B-744924,1/17/2020,Rebecca Morales,Nevada,Hartmanside
B-911157,1/17/2024,Scott Anderson,Alaska,Port Katie
B-539223,11/2/2021,Mary Ortiz,Hawaii,Kellyview
B-236337,4/25/2021,Kevin Garrett,Utah,Stevenshire
B-297045,3/7/2022,Donna Roberts,Montana,North Denise
B-736641,9/18/2021,Anthony Martin,New York,Gomezbury
B-336173,11/25/2023,Carlos Brooks,Arizona,Thompsonberg
B-984913,3/21/2020,Jeremy Adams,South Carolina,West Jessica
B-887049,6/5/2020,David Richardson,Wisconsin,Allenbury
B-500258,5/27/2021,Miranda Young,Ohio,Robertsberg
B-562368,8/4/2022,Gary Taylor,Pennsylvania,North Rachel
B-426173,9/3/2023,Larry Thompson,Arkansas,Aprilton
B-396067,12/26/2021,Joseph Brown,Hawaii,Thomasside
B-376563,10/7/2021,Christopher Jackson,Alaska,West Amandaberg
B-921945,3/23/2023,Crystal Leon,Kansas,Lake Ashleystad
B-810702,5/2/2022,Alan Murphy,Utah,Oliviaton
B-258263,2/12/2022,Sandra Dawson,North Dakota,South Cynthia
B-100883,3/12/2024,Stephen Martin,Vermont,New Zoetown
B-674258,4/9/2021,Michael Duke,New Jersey,Wilsonchester
B-931323,8/6/2022,Kevin Hughes,Michigan,North Andrea
B-269706,9/24/2022,Kristin Daniels,Oklahoma,Port Travis
B-714079,3/19/2022,Manuel Smith,Kentucky,South Julie
B-811484,11/14/2024,Alyssa Santos,Utah,Richardsonport
B-739878,4/3/2021,Steven Gilbert,South Dakota,New Karen
B-942109,12/10/2021,Kelly Banks,Massachusetts,Griffinburgh
B-874466,4/14/2024,Travis Turner,New Mexico,Port Michaelview
B-282663,11/2/2022,April Hayes,Maine,Lake Lauren
B-704140,5/5/2021,Kevin Cole,Wyoming,Austinfurt
B-359352,12/5/2020,Tiffany Lane,Louisiana,Acostachester
B-685042,5/16/2023,Frank Mcbride,Alabama,Kirstenfort
B-350335,9/25/2024,Karen Garrett,Utah,Lake Henrybury
B-413361,8/27/2023,Jasmine Greene,Minnesota,Port Coreyfurt
B-721289,11/14/2022,Cindy Perry,Oregon,West Derek
B-772149,8/17/2022,Michael Soto,West Virginia,Lake Lauren
B-755746,7/28/2024,Jackson Murphy,Michigan,Foxton
B-144611,7/10/2023,Kimberly Hendricks,South Dakota,Tammyside
B-690231,6/26/2022,Heidi Davenport,Nebraska,South Michelle
B-126094,4/20/2022,Joshua Anderson,New York,Laurenside
B-846711,2/25/2021,Robert Davis,Washington,South Marcus
B-357025,2/1/2024,Laurie Jones,Oregon,Port Crystalmouth
B-618577,7/5/2023,Scott Fleming,Tennessee,West Tiffany
B-178894,12/14/2023,Joann Berry,Kentucky,Clarkstad
B-777636,2/24/2021,Nathan Howard,Illinois,East Meganview
B-114156,3/21/2021,Angelica Davis,Vermont,East Marcus
B-577492,2/4/2022,Gabrielle Mcclure,West Virginia,East Johnbury
B-296850,1/27/2021,Abigail Garcia,New Jersey,North Samuel
B-695670,5/18/2023,Jacob Klein,Oregon,Emilymouth
B-993754,6/26/2024,William Robbins,New Hampshire,Olsonport
B-401323,6/24/2021,David Velazquez,Iowa,East Jordanfurt
B-745918,3/18/2021,Wendy Chang,New York,Sheltonville
B-692422,6/28/2023,Julie Black,Rhode Island,Chasetown
B-203689,1/25/2022,Mary Jackson MD,Washington,East Hayley
B-198474,6/14/2024,Casey Gray,Kentucky,North Elizabeth
B-541066,5/11/2021,Phillip Gomez,Pennsylvania,Lake Briana
B-677173,6/30/2020,John Anderson,Nevada,Jeffersonfurt
B-246183,5/22/2023,Alan Waters MD,Mississippi,Foxbury
B-510000,11/17/2021,Claudia Sparks,Vermont,Frederickfurt
B-903653,1/2/2022,Victoria Ballard,Kentucky,East Zacharyside
B-934736,2/5/2022,Joseph Rodgers,Ohio,Lake Tanyaland
B-282233,7/1/2020,Eddie Gomez,New York,Aprilport
B-523537,8/9/2023,Kelly Jackson,Wyoming,North Philipfort
B-214005,10/4/2022,Stacey Wilson,South Dakota,Donnaside
B-857988,8/17/2021,Jonathan Johnson,Arizona,Sarahtown
B-509769,8/17/2023,Amanda Bates,Missouri,Lake Michelleburgh
B-865225,6/26/2021,Charles Clayton,Idaho,South Yolandaside
B-881508,3/5/2020,Molly Krueger,Massachusetts,Alanbury
B-424727,9/2/2021,Linda Sanford,Alaska,Austinland
B-510498,2/18/2023,Felicia Torres,Utah,Jonesburgh
B-146270,5/1/2021,James White,California,Tuckerfurt
B-256998,4/16/2023,Donna Cox,Hawaii,Lake Joel
B-859335,11/5/2023,Blake Suarez,Hawaii,New Angelabury
B-596287,4/22/2024,Cory Dominguez,Washington,Martinside
B-991492,3/10/2021,Robin Curry,Wyoming,Rebeccaport
B-178068,8/10/2024,Patricia Trujillo,Arizona,North Tommyfort
B-355091,6/17/2023,Deborah Mason,Montana,Lindashire
B-144562,9/9/2020,Victoria Avery,Idaho,Ashleyfort
B-521402,10/13/2020,Mrs. Autumn Carpenter,Maryland,Harrismouth
B-558488,7/8/2020,Jordan Fletcher,New Hampshire,Robertview
B-577418,1/20/2021,Walter Martinez,Michigan,Langshire
B-690555,4/27/2020,Jason Martinez,Indiana,East Maryside
B-777376,4/21/2024,Bruce Black,Maine,Richardton
B-297523,5/21/2022,Sarah Willis,Colorado,West Richard
B-705290,12/28/2020,Angela Wiggins,Missouri,Davidmouth
B-847796,10/29/2020,Michael Cooley MD,South Dakota,East Barry
B-886879,12/31/2020,Matthew Daniels,Missouri,Savannahview
B-349697,10/24/2024,Alexander Torres,Alaska,North Andrewview
B-450430,1/12/2024,John Young,Utah,North Erica
B-153028,6/24/2023,Douglas Crane,Kentucky,East Johnchester
B-328812,12/7/2022,Casey Collins,California,Garnerfort
B-743610,12/2/2024,Jesse Page,Alaska,Port Daniel
B-248448,5/7/2024,Chloe Summers,Rhode Island,Lake Daniel
B-268472,7/25/2021,Brian Munoz,Maine,Carolynview
B-858748,10/25/2022,Dominique Carter,Iowa,Allenview
B-659840,3/10/2020,Amy Richards,California,Kimberlyport
B-694570,8/14/2024,Andrew Villegas,Kansas,North Rebekah
B-353972,8/12/2020,Maria Gordon,Mississippi,Kimbury
B-681487,7/23/2021,Allison Ross,Kentucky,Port Sharonfurt
B-821548,8/4/2024,Daniel Reese,Michigan,Lake Carrie
B-292809,9/13/2022,Kurt Jackson,Virginia,Brandonton
B-579505,9/13/2021,Teresa Larson,New Jersey,Haysbury
B-775408,9/27/2020,Amy Morris,New York,West Mitchellmouth
B-662363,2/18/2024,Rachel Hodges,Louisiana,Wesleybury
B-919385,3/11/2023,Jason Romero,Kansas,Davidberg
B-815954,5/25/2021,Walter Mcmillan,Florida,West Thomaschester
B-618950,4/17/2024,Mark Foster,Alaska,Amandahaven
B-797479,1/27/2023,Arthur Bowen,Connecticut,North Justinborough
B-995876,4/24/2020,Steven Harmon,Maine,Lake James
B-452768,6/22/2024,Ashley Gonzalez,Missouri,Kimberlymouth
B-729123,8/3/2021,Wendy Simon,Washington,Kristenshire
B-720158,2/20/2023,James Olsen,Indiana,South Wendy
B-573301,12/26/2023,David Mitchell,Minnesota,East Jennifer
B-962856,6/9/2023,Mr. Mark White,Massachusetts,Flowerschester
B-709186,4/9/2023,Kim Valdez,Illinois,North Jamiechester
B-848589,4/23/2023,Megan Jones,Connecticut,Port Andrewview
B-817485,2/13/2024,Nicholas Harmon,Michigan,Lake Timothy
B-722184,11/5/2022,Crystal Payne,Delaware,Darleneborough
B-976552,1/19/2022,Mark Jackson,Maine,South Melindaland
B-181352,8/24/2021,Marissa Gamble,Colorado,Pacemouth
B-279244,5/9/2021,Alexandria Nelson,Washington,Lake Yvette
B-992511,5/9/2024,Kelly Mcdaniel,Maine,Johnberg
B-218308,8/28/2023,Kristen Gonzalez,Colorado,New Kristamouth
B-695844,5/7/2024,Richard Davidson,Wisconsin,East Melanie
B-137029,11/23/2023,Christine Rogers,Iowa,North Brittanyborough
B-185536,5/6/2023,Pedro Robertson,Idaho,South Jenniferfort
B-616623,10/26/2020,Shawn Houston,Wyoming,Barbaraburgh
B-924846,4/29/2024,Carolyn Conway,Missouri,Port Troy
B-627774,8/24/2020,Susan Monroe,Montana,Jacquelineshire
B-517010,8/4/2020,John Rose,Florida,Lake Gregory
B-696278,5/31/2022,Kimberly Foster,South Carolina,Carrollville
B-166707,12/21/2023,Wendy Holt,Indiana,Claudiabury
B-915218,1/13/2024,Jessica Young,Wisconsin,East Christopher
B-206048,12/11/2024,Alexander Velasquez,Indiana,Emilyshire
B-443656,1/30/2020,Erica Henry,Massachusetts,South James
B-791280,9/15/2022,Shelly Torres,Arkansas,Lake Bruce
B-789108,3/31/2021,Susan Maddox,Georgia,South Ashleybury
B-985870,7/22/2020,Melissa Porter,Connecticut,Davishaven
B-997638,12/3/2021,Karen Rowe,Wyoming,Port Rebecca
B-403223,12/13/2022,David Boyd,California,Collinsburgh
B-912794,12/31/2020,Annette Williams,Missouri,Jonbury
B-944275,5/7/2021,Diana Barrett,Washington,North Lisa
B-681484,10/2/2021,Jessica Allen,Arkansas,New Elizabethland
B-598193,4/1/2022,Alexis Nelson,Tennessee,South Tonya
B-939795,2/2/2020,Paul Ayala,New Hampshire,Wilsonhaven
B-657090,10/30/2024,Dr. Mike Wagner,Oregon,New Fredtown
B-710616,8/10/2020,Bryan Case,Missouri,East Jennachester
B-928121,5/30/2024,James Allen,Nevada,Lake Mary
B-555214,1/17/2024,Jennifer Powell,Indiana,Travisstad
B-238266,10/21/2023,Joshua Howell,Delaware,East Michaelfort
B-396323,10/18/2023,Katrina Henderson,Georgia,Lake Erin
B-674334,6/18/2022,Cindy Vaughn,Connecticut,West Brian
B-149652,8/3/2022,Jacob Floyd,New Jersey,Smithbury
B-985627,7/25/2024,Courtney Douglas,Hawaii,South Sherriville
B-634456,12/16/2023,Gregory Garcia,Arkansas,New Joseph
B-295473,9/7/2022,Rebecca Price,Illinois,Port Christinetown
B-514792,6/15/2021,Rose Fisher,Texas,Lake Cassie
B-629457,11/16/2022,Ryan Marshall,Montana,Garciashire
B-434903,9/11/2020,Steven Thompson,Idaho,Carterview
B-804589,1/6/2024,Tiffany Donovan,Arizona,New Veronicaville
B-888011,11/30/2022,Gary Mckinney,Michigan,Pamelachester
B-383816,4/27/2021,Brandon Marshall,Maryland,North Anthony
B-614241,9/4/2021,Tina Donovan DDS,Oregon,Crawfordton
B-938646,4/7/2022,Christian Harrison,Louisiana,East David
B-909217,10/15/2020,Ronald Walters,Illinois,Dickersonton
B-312869,3/20/2024,Benjamin Anderson,California,Johnshire
B-532653,5/1/2024,Gregory Weeks,Connecticut,Heatherbury
B-154364,12/18/2021,Felicia Garcia,Tennessee,Martinport
B-917702,4/26/2024,Michael Shields,Minnesota,Nelsonview
B-227517,9/1/2022,Justin White,Nevada,Port Robertfort
B-345260,5/11/2024,Brandon Ward,New York,North Ashley
B-642357,6/14/2023,Mr. William Sheppard,Wyoming,Pooleport
B-534632,3/11/2024,Benjamin Martin,Connecticut,Lake Larry
B-666093,2/5/2022,Kristin Hernandez,New York,Meyerview
B-992368,9/17/2024,Joseph Miller,Maryland,West Bettyfurt
B-379940,1/14/2023,Joshua Taylor,Illinois,Foxville
B-547094,2/6/2020,Ronald Martin,New Hampshire,Port Michelleshire
B-623348,12/6/2020,Mark Johnson,Colorado,Evansville
B-283279,8/18/2024,Jennifer King,California,Reynoldsborough
B-488873,11/29/2021,Lindsay Hamilton,New Hampshire,Alexanderburgh
B-871269,5/19/2021,Edward Henry,Wisconsin,Kimview
B-835726,9/23/2020,Brian Harvey,South Carolina,Jeanshire
B-113642,12/16/2020,William York,Nevada,Brianfurt
B-198121,3/12/2022,Anne Williams,Ohio,South Laurafort
B-578776,9/24/2024,Thomas Perez,Arizona,West Carla
B-574751,7/9/2022,Connie Hernandez,Nevada,Lake Jessicaport
B-121640,6/1/2022,Sabrina Pineda,Nebraska,Tannermouth
B-391411,2/3/2022,John Wong,Wyoming,Santosburgh
B-847542,11/10/2022,Ryan Williams,Colorado,Lake Jon
B-710195,4/25/2024,Julie Brennan,Idaho,New Michaeltown
B-750231,8/15/2020,Amy Morgan,South Carolina,South Shannonfort
B-352208,5/9/2022,Kelly Jennings,Michigan,Cassandrachester
B-655535,2/2/2021,Benjamin Jenkins,Illinois,South Angela
B-273136,10/16/2024,James Morse,Vermont,West Matthewmouth
B-400708,9/30/2022,Judy Graves,North Dakota,Lake Josephfort
B-334067,5/29/2020,Lauren Bishop,Michigan,Skinnerland
B-705919,9/14/2022,Roger Frost,Hawaii,Evanstown
B-284755,1/18/2022,Megan Gonzales,Indiana,Harveybury
B-739424,7/31/2023,Stacy Lee,Hawaii,Larafort
B-739573,2/19/2022,Todd Phillips,Wyoming,New Amanda
B-903175,11/20/2022,Lisa Mcdaniel,Tennessee,Mcbrideport
B-294080,6/30/2021,Casey Henry,Virginia,East Larry
B-141552,6/30/2024,John Johnson,Tennessee,Hodgesside
B-166184,8/12/2024,Bradley Greer,North Carolina,East Monica
B-674871,5/25/2024,Bruce Browning,Connecticut,Ponceshire
B-931626,3/13/2022,Thomas Thomas,Ohio,North Blake
B-999436,3/16/2020,Yvonne Garcia,Pennsylvania,West Wendy
B-758213,5/27/2024,John Greer,New York,Burtonberg
B-664659,1/17/2023,Ronald Edwards,Florida,South Danielton
B-440718,11/14/2024,William Jones,Alabama,Emilybury
B-770832,6/27/2020,Catherine Simmons,Delaware,East Heather
B-686146,10/21/2020,Vicki Jones,New York,Pamelamouth
B-561388,5/1/2020,Wayne Woods,Connecticut,New Stephen
B-967398,8/22/2020,James Gross,Rhode Island,Larsonshire
B-646736,3/6/2021,Mark Williamson,Kentucky,Lake Toddmouth
B-676280,8/17/2020,Nicole Chavez,Texas,South Kennethbury
B-601718,12/22/2020,William Garcia,New Jersey,Sullivanside
B-433921,6/1/2023,Dennis Montes,Virginia,Woodsstad
B-525265,3/9/2021,Shelby Williams,Indiana,Richardtown
B-678079,8/14/2020,Haley Roy,Minnesota,South Hollyport
B-317102,9/18/2021,John Kim,Nebraska,Jeremiahstad
B-153968,9/28/2022,Jordan Williams,Tennessee,Wilkinsonton
B-385546,9/6/2024,Ana Harmon,California,Cassandraville
B-200925,5/27/2022,Stephanie Buck,Arizona,Mcdonaldton
B-626037,8/23/2021,Desiree Lucas,Kentucky,West Ericland
B-325179,7/17/2023,Rebecca Park,Oklahoma,Port Melissaberg
B-119039,4/23/2021,Steven Bush,New Hampshire,Joshuaside
B-137375,12/7/2021,Sarah Martinez,Utah,New Teresahaven
B-783166,1/4/2023,Kevin Wilson,Vermont,Obrienhaven
B-134451,11/6/2022,Johnny Schroeder,Iowa,South Mark
B-112634,5/22/2021,Jennifer Carter,Vermont,West Sarah
B-788613,9/28/2024,Angel Vazquez,Utah,Port Davidborough
B-652682,5/30/2021,Melissa Bowman,Virginia,North Nicholas
B-119488,7/26/2021,Clifford Stanley,Maine,West Jennifer
B-869713,1/27/2023,Edward Mills,Montana,Sherryburgh
B-356310,9/17/2020,Patricia Moran,Georgia,Garciachester
B-637383,3/3/2020,Brian Hernandez,Louisiana,Lake Ricardo
B-638492,2/18/2022,Donna Bates,Kentucky,Cookstad
B-446295,3/4/2021,Melissa Conner,Florida,Josephhaven
B-634389,5/19/2020,Nicholas Williams,Colorado,Jamesside
B-507794,1/7/2020,Jacob Morris,Georgia,West Stephanie
B-615617,2/20/2022,Lisa Shaw,Oklahoma,Port Kathleen
B-417986,11/10/2023,Maureen Garcia,Oklahoma,New Johnland
B-433654,5/27/2023,Stephanie Rush,Ohio,Port Rebecca
B-654891,7/24/2021,Shannon Reyes,Massachusetts,North Sara
B-685842,11/7/2022,Andre Cole,Maine,Lake Brettstad
B-762247,1/9/2020,Ann James,Pennsylvania,Justinside
B-802709,11/10/2020,Melissa Brown,New Mexico,Christopherfort
B-637006,4/16/2024,Valerie Petersen,Missouri,Greenfort
B-158944,2/21/2021,Jonathan Austin,Washington,Ericmouth
B-273337,7/21/2020,Joanne Nelson,Indiana,Longmouth
B-843449,10/16/2024,John Huffman,Arizona,Lake Jessicahaven
B-243273,2/1/2023,Amanda Gamble,Minnesota,North Jamesborough
B-775108,6/28/2024,Nicholas Oconnor,Tennessee,Douglasbury
B-979172,5/8/2021,Jackie Davis,Oklahoma,Garrettton
B-709028,10/27/2024,Kyle Zamora,Rhode Island,Michaelmouth
B-947969,11/18/2024,Karen Hess,New York,Joelside
B-705879,3/13/2021,Gregory Peters,Mississippi,Reedside
B-932032,11/19/2023,Cindy Scott,Colorado,Matthewland
B-550227,4/19/2022,Stacey Conley,North Dakota,Lake Chelseaborough
B-455548,7/22/2020,David Rojas,Maryland,Edwardburgh
B-617233,10/26/2024,Christopher Cabrera,North Carolina,Ortizhaven
B-762893,5/5/2024,Allen Bryant,North Carolina,South Tyler
B-734509,1/15/2020,Katherine Reese,New Mexico,Fletcherfurt
B-539751,7/1/2022,John Khan,Vermont,Davishaven
B-599367,11/11/2022,Joseph Casey,California,Johnsonmouth
B-623079,2/12/2021,Jeffrey Rush,Wyoming,Lake Thomas
B-570202,8/13/2023,Latoya Rice,Oklahoma,South Michelletown
B-322845,4/4/2023,Troy Pace,Montana,North Jasmine
B-861879,6/19/2023,Taylor Smith,New York,Haasside
B-988568,5/13/2024,Alexandria Cortez,Nebraska,Michaelchester
B-189613,10/24/2022,Jeffrey Kim,New York,Kathyborough
B-121104,1/22/2022,Amanda Baker,Indiana,Crosschester
B-689788,3/16/2022,Michael Li,West Virginia,New Anne
B-787508,3/4/2022,Ronald Davis,Arizona,Burkestad
B-367505,11/29/2023,Jose Owens,Maine,Annaville
B-834655,2/21/2024,Lori Howe,California,Johnhaven
B-314709,10/13/2020,Donald Lowe,North Dakota,North Christinaberg
B-925747,7/10/2020,John Flynn,Washington,Lake Miguel
B-194039,4/25/2023,Kristi Bartlett,Wisconsin,Coleland
B-167042,8/3/2020,Jonathan Ferguson,Minnesota,South Brentmouth
B-934300,11/14/2023,Cheryl Turner,Georgia,South Crystal
B-249301,6/27/2024,James Pruitt,Texas,East Felicia
B-328395,1/23/2023,Darren Bennett,Hawaii,Faulknershire
B-211595,11/8/2022,Erin Ward,Delaware,Andrewton
B-482936,2/26/2021,Kelsey Frazier,Maryland,North Adamtown
B-376397,8/25/2021,Franklin Fuentes,Delaware,Davidburgh
B-170246,4/28/2022,Jamie Smith,Virginia,Lake Brandonfort
B-503042,8/18/2022,Jamie Combs,Indiana,South Dustin
B-241365,1/11/2021,Michelle Ruiz,New York,Port Robert
B-875740,1/11/2023,Kenneth Smith,Oregon,Seanberg
B-241452,5/29/2021,Anthony Underwood,Colorado,Lake Connor
B-910886,9/28/2024,Sarah Morgan,Washington,Port Ryan
B-456579,11/12/2022,Suzanne Valdez,Wisconsin,East Juantown
B-339884,10/23/2023,Jonathan Jackson,Texas,Dorishaven
B-836100,2/12/2024,Carl Lane,Kentucky,West Martin
B-943163,1/21/2024,Caroline Brooks,New Mexico,Floresstad
B-458079,12/21/2023,Jane Watson,Alaska,Riceborough
B-707681,7/8/2024,Krista Jackson,Montana,Mooreview
B-706282,2/26/2023,Erin Carpenter,Louisiana,Jonesburgh
B-430435,6/6/2024,Wendy Mcguire,Delaware,Evelynport
B-361056,7/24/2020,Sara Jackson,Rhode Island,West Amanda
B-595909,5/30/2020,Karen Flores,Ohio,North Billy
B-233696,12/24/2020,Alexandra Johnson,Arkansas,Sarahborough
B-926258,11/16/2023,Crystal Wolfe,North Carolina,Port Catherineton
B-739971,11/18/2021,Robert Campbell,South Dakota,Kennethburgh
B-447622,12/6/2020,Maria Evans,Minnesota,Shawburgh
B-516834,10/11/2021,Jacob Wood,Mississippi,New Kevin
B-588070,3/20/2021,Sandra Miller,Rhode Island,Andreaview
B-555400,8/10/2022,John Smith,Arizona,Mendozaport
B-401701,6/19/2022,Joshua Perry,North Dakota,Hurstfurt
B-738671,11/7/2021,Anna Hughes,New York,Lake Deniseville
B-307455,11/9/2020,Charles Smith,New Mexico,Josephport
B-705248,8/12/2021,Phillip Allen,Colorado,Diazville
B-442985,6/13/2023,John Nelson,Massachusetts,Michaelbury
B-679541,2/20/2021,Mary Wallace,Colorado,Sheriborough
B-546662,2/16/2020,Keith Johnson,Rhode Island,Snyderfort
B-581705,3/1/2020,Adam Johnson MD,Alaska,East Justinmouth
B-180317,10/7/2024,Allison Lee,New Hampshire,New Jeremy
B-421403,2/25/2024,Dawn Evans,Maine,East Davidmouth
B-968048,12/5/2020,Samantha Singh,Kentucky,Johnsonside
B-579037,12/9/2023,Molly Boyd,Arkansas,Lake Ian
B-847697,2/10/2021,Dr. Kimberly Owens,Kentucky,New Jamesburgh
B-821616,4/22/2020,Jordan Hall,South Carolina,Carrollhaven
B-641320,1/15/2024,Veronica Lopez,Missouri,Yvetteborough
B-814000,12/19/2024,George Copeland,Missouri,Lake Cynthiamouth
B-235443,5/6/2023,Yvonne Crawford,Missouri,Lisaside
B-638860,7/13/2022,Charles Long,West Virginia,Lake Jessica
B-648132,10/1/2022,Kathleen Chang,Idaho,Jessicafurt
B-169471,8/23/2023,Holly Stanley,Kentucky,Coxberg
B-663492,10/30/2021,Ronald Huerta,Wyoming,South Caitlin
B-750504,4/4/2021,Kathy Lopez,Tennessee,Adamton
B-139855,11/19/2021,David Thompson,Colorado,Watkinsville
B-798460,9/10/2020,Michael Carrillo,Idaho,Dylanport
B-309473,2/22/2022,Kyle Jimenez,Virginia,Schmidtside
B-307237,10/25/2024,Samuel Moreno,Massachusetts,Lake Michaelborough
B-835807,5/27/2023,Dawn Pratt,South Dakota,Michaelchester
B-962081,1/10/2024,Jonathan Johnson,Vermont,Edwardsmouth
B-595971,12/28/2022,James Stephens,Florida,Taylorton
B-739503,10/3/2021,Sara Woodard,Iowa,West Corey
B-449833,7/28/2024,Richard Stevens,Mississippi,Simsfurt
B-338960,3/23/2021,Kathryn Parker,New Jersey,Burnsburgh
B-154732,9/22/2021,Nicole King,South Carolina,Port Wendystad
B-611466,3/20/2022,Dorothy Castro,North Dakota,New Vanessachester
B-564046,7/25/2022,James Lucas,Maryland,Sanchezberg
B-681492,2/24/2023,Alicia Sullivan,Massachusetts,Port Andreaview
B-281207,11/17/2023,James Wright,Delaware,New Mikeville
B-719000,4/21/2020,Robert Wyatt,Rhode Island,Brandtview
B-927165,4/13/2023,Shane Oneill,Indiana,Port Joshuamouth
B-874467,2/28/2023,Susan York,Missouri,Landryhaven
B-226714,1/2/2020,Laurie Meyers MD,Kentucky,Rossfurt
B-927105,3/7/2021,David Cunningham,Nebraska,New Rebeccastad
B-779675,9/6/2024,Tammy Knox,Texas,Deborahmouth
B-620455,2/8/2021,Kara Aguirre,Ohio,Lisatown
B-828723,11/13/2023,Andrew Miller,Massachusetts,Hallport
B-980603,11/17/2021,Alan Lane,West Virginia,Harttown
B-181605,5/27/2023,Gregory Johnson,Massachusetts,South Breannaview
B-389203,1/16/2020,Donna Gomez,New Jersey,Danielfort
B-935464,1/2/2023,Andrew Rodgers,Arkansas,Martinshire
B-475537,8/15/2024,Julia Ritter,Nebraska,Cherylshire
B-428183,10/25/2021,Debra Jones,Montana,New Christopher
B-864891,4/9/2021,Terrance Smith,New Jersey,Rhondashire
B-995044,6/9/2023,Meghan Pacheco,Connecticut,Port Brentbury
B-885215,6/26/2024,Virginia Cunningham,Maine,North Savannahport
B-144931,2/21/2021,Ann Sparks,Rhode Island,East Joseton
B-490536,7/6/2022,Kathryn Baker,Kansas,Jacksonhaven
B-175996,3/15/2021,Michelle Nguyen,Vermont,Davisburgh
B-998276,3/8/2020,Steven Smith,West Virginia,Port Kevinport
B-755227,5/18/2022,James Powers,New Mexico,Lake Ronald
B-685865,11/9/2024,Vanessa Hill,California,Charlesfurt
B-853932,12/29/2020,Vernon Long,Maine,Petersonfort
B-395095,9/16/2020,John Hurley,Vermont,North Raymondfurt
B-731322,7/7/2021,Steven Murphy,Florida,Lake Michaelbury
B-539449,5/14/2023,Matthew Orr,Tennessee,Lake Tammyfort
B-131921,5/22/2024,Denise Parrish,Pennsylvania,Port Christopherville
B-415904,8/21/2022,Kenneth Stevens,Kentucky,Washingtonville
B-689294,11/15/2023,James Taylor,Idaho,Morganshire
B-531587,12/24/2021,Cynthia Melendez,Utah,Port Jeffery
B-872030,8/25/2020,Patrick Robbins,Delaware,Port Sabrinachester
B-506646,1/25/2024,John Stone,Louisiana,Johnsonmouth
B-292601,5/7/2021,Randy Mcdonald,Georgia,South Derek
B-572821,10/19/2022,Maurice Brown,Virginia,Brandiberg
B-146782,6/27/2020,William Wall,Alabama,East Alyssaborough
B-695834,8/25/2024,Ryan Dean,Maine,West Ronald
B-630661,3/14/2023,Alexis Bell,Pennsylvania,Simpsonshire
B-590619,12/11/2024,Susan Jones,Hawaii,North Kevin
B-271897,11/27/2023,Amy Ball,California,Codyhaven
B-275633,8/19/2021,Carol Carpenter,Missouri,North Tiffany
B-604452,5/13/2020,Robert Barnes,Idaho,Dianashire
B-466677,10/18/2021,Jacob Savage,Florida,Dickersonport
B-110000,11/28/2020,Raymond Baker,Washington,Hickschester
B-142797,5/15/2020,Christopher Guerra,Indiana,Matthewburgh
B-568023,5/23/2020,Monique Rodriguez,Vermont,West Marvin
B-476104,1/10/2022,Elijah Harris,Oklahoma,Port Jacqueline
B-410219,6/6/2022,Erica Harvey,Connecticut,Millerhaven
B-699761,7/25/2022,Rachel Everett,New Jersey,Drakefort
B-958763,12/12/2020,Thomas Holder,Arizona,Juanville
B-954305,7/14/2024,Wanda White,Michigan,West Shirleyshire
B-722948,2/15/2022,Nicole Thompson,Iowa,Port Pamela
B-637893,1/8/2021,Daryl Jones,North Dakota,Port David
B-173778,11/18/2020,Terri Brooks,Missouri,Burtonville
B-277092,7/10/2021,Timothy Ross,Delaware,Ericksonstad
B-703352,4/6/2024,Jeffery Payne,Georgia,Derekfort
B-476850,5/14/2020,Amy Nelson,Ohio,Haleton
B-425228,10/18/2022,Ann Warner,Indiana,Lake Natalie
B-185142,10/24/2021,Curtis Garrett,Rhode Island,Port Jonathanstad
B-727376,5/24/2022,Jacob Davis,Missouri,Angelamouth
B-866965,8/12/2024,Jessica Williams,Nevada,Andreton
B-882154,1/27/2024,Susan Mayer,Arizona,New Jamesfort
B-887242,12/13/2020,Ms. Jacqueline Gates MD,California,Villaview
